image_id,image_path,design_id,category,source,split
k0000,images/k0000.jpg,kaggle_329,Banarasi,kaggle,train
k0001,images/k0001.jpg,kaggle_82,Banarasi,kaggle,train
k0002,images/k0002.jpg,kaggle_3,Banarasi,kaggle,train
k0003,images/k0003.jpg,kaggle_35,Banarasi,kaggle,train
k0004,images/k0004.jpg,kaggle_25,Banarasi,kaggle,train
k0005,images/k0005.jpg,kaggle_0,Banarasi,kaggle,val
k0006,images/k0006.jpg,kaggle_1,Banarasi,kaggle,train
k0007,images/k0007.jpg,kaggle_109,Banarasi,kaggle,train
k0008,images/k0008.jpg,kaggle_2,Banarasi,kaggle,train
k0009,images/k0009.jpg,kaggle_26,Banarasi,kaggle,train
k0010,images/k0010.jpg,kaggle_105,Banarasi,kaggle,train
k0011,images/k0011.jpg,kaggle_4,Banarasi,kaggle,train
k0012,images/k0012.jpg,kaggle_144,Bandhani,kaggle,train
k0013,images/k0013.jpg,kaggle_156,Bandhani,kaggle,train
k0014,images/k0014.jpg,kaggle_5,Bandhani,kaggle,train
k0015,images/k0015.jpg,kaggle_6,Bandhani,kaggle,train
k0016,images/k0016.jpg,kaggle_7,Bandhani,kaggle,train
k0017,images/k0017.jpg,kaggle_8,Bandhani,kaggle,train
k0018,images/k0018.jpg,kaggle_9,Bandhani,kaggle,train
k0019,images/k0019.jpg,kaggle_154,Bandhani,kaggle,train
k0020,images/k0020.jpg,kaggle_10,Bandhani,kaggle,val
k0021,images/k0021.jpg,kaggle_167,Bandhani,kaggle,val
k0022,images/k0022.jpg,kaggle_112,Bandhani,kaggle,train
k0023,images/k0023.jpg,kaggle_12,Ikat,kaggle,train
k0024,images/k0024.jpg,kaggle_13,Ikat,kaggle,train
k0025,images/k0025.jpg,kaggle_14,Ikat,kaggle,train
k0026,images/k0026.jpg,kaggle_214,Ikat,kaggle,train
k0027,images/k0027.jpg,kaggle_381,Ikat,kaggle,train
k0028,images/k0028.jpg,kaggle_382,Ikat,kaggle,val
k0029,images/k0029.jpg,kaggle_199,Ikat,kaggle,train
k0030,images/k0030.jpg,kaggle_384,Ikat,kaggle,train
k0031,images/k0031.jpg,kaggle_182,Ikat,kaggle,val
k0032,images/k0032.jpg,kaggle_234,Ikat,kaggle,train
k0033,images/k0033.jpg,kaggle_15,Pichwai,kaggle,train
k0034,images/k0034.jpg,kaggle_16,Pichwai,kaggle,val
k0035,images/k0035.jpg,kaggle_17,Pichwai,kaggle,val
k0036,images/k0036.jpg,kaggle_275,Pichwai,kaggle,train
k0037,images/k0037.jpg,kaggle_403,Pichwai,kaggle,train
k0038,images/k0038.jpg,kaggle_284,Pichwai,kaggle,train
k0039,images/k0039.jpg,kaggle_276,Pichwai,kaggle,train
k0040,images/k0040.jpg,kaggle_19,Pichwai,kaggle,val
k0041,images/k0041.jpg,kaggle_277,Pichwai,kaggle,train
k0042,images/k0042.jpg,kaggle_20,Pichwai,kaggle,train
k0043,images/k0043.jpg,kaggle_394,Pichwai,kaggle,train
k0044,images/k0044.jpg,kaggle_22,Pichwai,kaggle,train
k0045,images/k0045.jpg,kaggle_23,Pichwai,kaggle,train
k0046,images/k0046.jpg,kaggle_390,Pichwai,kaggle,train
k0047,images/k0047.jpg,kaggle_24,Pichwai,kaggle,train
k0048,images/k0048.jpg,kaggle_48,Banarasi,kaggle,train
k0049,images/k0049.jpg,kaggle_78,Banarasi,kaggle,val
k0050,images/k0050.jpg,kaggle_28,Banarasi,kaggle,train
k0051,images/k0051.jpg,kaggle_330,Banarasi,kaggle,train
k0052,images/k0052.jpg,kaggle_73,Banarasi,kaggle,train
k0053,images/k0053.jpg,kaggle_61,Banarasi,kaggle,train
k0054,images/k0054.jpg,kaggle_64,Banarasi,kaggle,train
k0055,images/k0055.jpg,kaggle_51,Banarasi,kaggle,train
k0056,images/k0056.jpg,kaggle_58,Banarasi,kaggle,train
k0057,images/k0057.jpg,kaggle_76,Banarasi,kaggle,val
k0058,images/k0058.jpg,kaggle_325,Banarasi,kaggle,train
k0059,images/k0059.jpg,kaggle_90,Banarasi,kaggle,train
k0060,images/k0060.jpg,kaggle_311,Banarasi,kaggle,val
k0061,images/k0061.jpg,kaggle_316,Banarasi,kaggle,train
k0062,images/k0062.jpg,kaggle_41,Banarasi,kaggle,train
k0063,images/k0063.jpg,kaggle_70,Banarasi,kaggle,train
k0064,images/k0064.jpg,kaggle_331,Banarasi,kaggle,train
k0065,images/k0065.jpg,kaggle_56,Banarasi,kaggle,train
k0066,images/k0066.jpg,kaggle_317,Banarasi,kaggle,val
k0067,images/k0067.jpg,kaggle_29,Banarasi,kaggle,train
k0068,images/k0068.jpg,kaggle_27,Banarasi,kaggle,train
k0069,images/k0069.jpg,kaggle_306,Banarasi,kaggle,val
k0070,images/k0070.jpg,kaggle_30,Banarasi,kaggle,train
k0071,images/k0071.jpg,kaggle_32,Banarasi,kaggle,train
k0072,images/k0072.jpg,kaggle_33,Banarasi,kaggle,train
k0073,images/k0073.jpg,kaggle_301,Banarasi,kaggle,train
k0074,images/k0074.jpg,kaggle_36,Banarasi,kaggle,train
k0075,images/k0075.jpg,kaggle_37,Banarasi,kaggle,train
k0076,images/k0076.jpg,kaggle_40,Banarasi,kaggle,train
k0077,images/k0077.jpg,kaggle_42,Banarasi,kaggle,train
k0078,images/k0078.jpg,kaggle_43,Banarasi,kaggle,train
k0079,images/k0079.jpg,kaggle_44,Banarasi,kaggle,train
k0080,images/k0080.jpg,kaggle_45,Banarasi,kaggle,train
k0081,images/k0081.jpg,kaggle_46,Banarasi,kaggle,val
k0082,images/k0082.jpg,kaggle_47,Banarasi,kaggle,train
k0083,images/k0083.jpg,kaggle_49,Banarasi,kaggle,val
k0084,images/k0084.jpg,kaggle_50,Banarasi,kaggle,train
k0085,images/k0085.jpg,kaggle_52,Banarasi,kaggle,train
k0086,images/k0086.jpg,kaggle_53,Banarasi,kaggle,train
k0087,images/k0087.jpg,kaggle_54,Banarasi,kaggle,val
k0088,images/k0088.jpg,kaggle_55,Banarasi,kaggle,train
k0089,images/k0089.jpg,kaggle_57,Banarasi,kaggle,train
k0090,images/k0090.jpg,kaggle_59,Banarasi,kaggle,train
k0091,images/k0091.jpg,kaggle_60,Banarasi,kaggle,train
k0092,images/k0092.jpg,kaggle_62,Banarasi,kaggle,val
k0093,images/k0093.jpg,kaggle_63,Banarasi,kaggle,train
k0094,images/k0094.jpg,kaggle_65,Banarasi,kaggle,train
k0095,images/k0095.jpg,kaggle_107,Banarasi,kaggle,train
k0096,images/k0096.jpg,kaggle_66,Banarasi,kaggle,train
k0097,images/k0097.jpg,kaggle_67,Banarasi,kaggle,train
k0098,images/k0098.jpg,kaggle_69,Banarasi,kaggle,train
k0099,images/k0099.jpg,kaggle_71,Banarasi,kaggle,train
k0100,images/k0100.jpg,kaggle_72,Banarasi,kaggle,train
k0101,images/k0101.jpg,kaggle_74,Banarasi,kaggle,train
k0102,images/k0102.jpg,kaggle_102,Banarasi,kaggle,train
k0103,images/k0103.jpg,kaggle_77,Banarasi,kaggle,train
k0104,images/k0104.jpg,kaggle_79,Banarasi,kaggle,train
k0105,images/k0105.jpg,kaggle_80,Banarasi,kaggle,val
k0106,images/k0106.jpg,kaggle_81,Banarasi,kaggle,train
k0107,images/k0107.jpg,kaggle_307,Banarasi,kaggle,train
k0108,images/k0108.jpg,kaggle_308,Banarasi,kaggle,train
k0109,images/k0109.jpg,kaggle_83,Banarasi,kaggle,train
k0110,images/k0110.jpg,kaggle_84,Banarasi,kaggle,train
k0111,images/k0111.jpg,kaggle_85,Banarasi,kaggle,train
k0112,images/k0112.jpg,kaggle_86,Banarasi,kaggle,train
k0113,images/k0113.jpg,kaggle_106,Banarasi,kaggle,val
k0114,images/k0114.jpg,kaggle_87,Banarasi,kaggle,train
k0115,images/k0115.jpg,kaggle_88,Banarasi,kaggle,train
k0116,images/k0116.jpg,kaggle_110,Banarasi,kaggle,train
k0117,images/k0117.jpg,kaggle_89,Banarasi,kaggle,train
k0118,images/k0118.jpg,kaggle_303,Banarasi,kaggle,train
k0119,images/k0119.jpg,kaggle_339,Banarasi,kaggle,train
k0120,images/k0120.jpg,kaggle_91,Banarasi,kaggle,train
k0121,images/k0121.jpg,kaggle_305,Banarasi,kaggle,train
k0122,images/k0122.jpg,kaggle_108,Banarasi,kaggle,val
k0123,images/k0123.jpg,kaggle_93,Banarasi,kaggle,train
k0124,images/k0124.jpg,kaggle_94,Banarasi,kaggle,train
k0125,images/k0125.jpg,kaggle_96,Banarasi,kaggle,val
k0126,images/k0126.jpg,kaggle_340,Banarasi,kaggle,train
k0127,images/k0127.jpg,kaggle_97,Banarasi,kaggle,val
k0128,images/k0128.jpg,kaggle_99,Banarasi,kaggle,train
k0129,images/k0129.jpg,kaggle_312,Banarasi,kaggle,train
k0130,images/k0130.jpg,kaggle_100,Banarasi,kaggle,train
k0131,images/k0131.jpg,kaggle_101,Banarasi,kaggle,train
k0132,images/k0132.jpg,kaggle_103,Banarasi,kaggle,train
k0133,images/k0133.jpg,kaggle_104,Banarasi,kaggle,train
k0134,images/k0134.jpg,kaggle_113,Bandhani,kaggle,train
k0135,images/k0135.jpg,kaggle_114,Bandhani,kaggle,val
k0136,images/k0136.jpg,kaggle_116,Bandhani,kaggle,train
k0137,images/k0137.jpg,kaggle_117,Bandhani,kaggle,train
k0138,images/k0138.jpg,kaggle_119,Bandhani,kaggle,train
k0139,images/k0139.jpg,kaggle_121,Bandhani,kaggle,train
k0140,images/k0140.jpg,kaggle_122,Bandhani,kaggle,train
k0141,images/k0141.jpg,kaggle_123,Bandhani,kaggle,train
k0142,images/k0142.jpg,kaggle_152,Bandhani,kaggle,train
k0143,images/k0143.jpg,kaggle_124,Bandhani,kaggle,train
k0144,images/k0144.jpg,kaggle_153,Bandhani,kaggle,train
k0145,images/k0145.jpg,kaggle_143,Bandhani,kaggle,train
k0146,images/k0146.jpg,kaggle_125,Bandhani,kaggle,val
k0147,images/k0147.jpg,kaggle_126,Bandhani,kaggle,train
k0148,images/k0148.jpg,kaggle_159,Bandhani,kaggle,train
k0149,images/k0149.jpg,kaggle_158,Bandhani,kaggle,train
k0150,images/k0150.jpg,kaggle_127,Bandhani,kaggle,train
k0151,images/k0151.jpg,kaggle_128,Bandhani,kaggle,val
k0152,images/k0152.jpg,kaggle_129,Bandhani,kaggle,train
k0153,images/k0153.jpg,kaggle_130,Bandhani,kaggle,train
k0154,images/k0154.jpg,kaggle_131,Bandhani,kaggle,train
k0155,images/k0155.jpg,kaggle_132,Bandhani,kaggle,train
k0156,images/k0156.jpg,kaggle_133,Bandhani,kaggle,val
k0157,images/k0157.jpg,kaggle_134,Bandhani,kaggle,train
k0158,images/k0158.jpg,kaggle_135,Bandhani,kaggle,train
k0159,images/k0159.jpg,kaggle_155,Bandhani,kaggle,val
k0160,images/k0160.jpg,kaggle_137,Bandhani,kaggle,train
k0161,images/k0161.jpg,kaggle_138,Bandhani,kaggle,train
k0162,images/k0162.jpg,kaggle_139,Bandhani,kaggle,train
k0163,images/k0163.jpg,kaggle_140,Bandhani,kaggle,train
k0164,images/k0164.jpg,kaggle_157,Bandhani,kaggle,train
k0165,images/k0165.jpg,kaggle_345,Bandhani,kaggle,train
k0166,images/k0166.jpg,kaggle_141,Bandhani,kaggle,train
k0167,images/k0167.jpg,kaggle_168,Bandhani,kaggle,val
k0168,images/k0168.jpg,kaggle_357,Bandhani,kaggle,val
k0169,images/k0169.jpg,kaggle_145,Bandhani,kaggle,train
k0170,images/k0170.jpg,kaggle_360,Bandhani,kaggle,train
k0171,images/k0171.jpg,kaggle_146,Bandhani,kaggle,train
k0172,images/k0172.jpg,kaggle_148,Bandhani,kaggle,val
k0173,images/k0173.jpg,kaggle_150,Bandhani,kaggle,val
k0174,images/k0174.jpg,kaggle_151,Bandhani,kaggle,train
k0175,images/k0175.jpg,kaggle_174,Bandhani,kaggle,val
k0176,images/k0176.jpg,kaggle_173,Bandhani,kaggle,train
k0177,images/k0177.jpg,kaggle_162,Bandhani,kaggle,val
k0178,images/k0178.jpg,kaggle_170,Bandhani,kaggle,train
k0179,images/k0179.jpg,kaggle_163,Bandhani,kaggle,val
k0180,images/k0180.jpg,kaggle_164,Bandhani,kaggle,val
k0181,images/k0181.jpg,kaggle_165,Bandhani,kaggle,train
k0182,images/k0182.jpg,kaggle_171,Bandhani,kaggle,train
k0183,images/k0183.jpg,kaggle_175,Ikat,kaggle,train
k0184,images/k0184.jpg,kaggle_229,Ikat,kaggle,train
k0185,images/k0185.jpg,kaggle_178,Ikat,kaggle,val
k0186,images/k0186.jpg,kaggle_179,Ikat,kaggle,train
k0187,images/k0187.jpg,kaggle_224,Ikat,kaggle,val
k0188,images/k0188.jpg,kaggle_377,Ikat,kaggle,train
k0189,images/k0189.jpg,kaggle_223,Ikat,kaggle,train
k0190,images/k0190.jpg,kaggle_181,Ikat,kaggle,train
k0191,images/k0191.jpg,kaggle_183,Ikat,kaggle,train
k0192,images/k0192.jpg,kaggle_184,Ikat,kaggle,train
k0193,images/k0193.jpg,kaggle_185,Ikat,kaggle,train
k0194,images/k0194.jpg,kaggle_186,Ikat,kaggle,train
k0195,images/k0195.jpg,kaggle_380,Ikat,kaggle,train
k0196,images/k0196.jpg,kaggle_187,Ikat,kaggle,train
k0197,images/k0197.jpg,kaggle_188,Ikat,kaggle,val
k0198,images/k0198.jpg,kaggle_189,Ikat,kaggle,train
k0199,images/k0199.jpg,kaggle_191,Ikat,kaggle,train
k0200,images/k0200.jpg,kaggle_192,Ikat,kaggle,val
k0201,images/k0201.jpg,kaggle_194,Ikat,kaggle,val
k0202,images/k0202.jpg,kaggle_195,Ikat,kaggle,train
k0203,images/k0203.jpg,kaggle_196,Ikat,kaggle,train
k0204,images/k0204.jpg,kaggle_219,Ikat,kaggle,train
k0205,images/k0205.jpg,kaggle_197,Ikat,kaggle,train
k0206,images/k0206.jpg,kaggle_198,Ikat,kaggle,train
k0207,images/k0207.jpg,kaggle_231,Ikat,kaggle,train
k0208,images/k0208.jpg,kaggle_379,Ikat,kaggle,train
k0209,images/k0209.jpg,kaggle_200,Ikat,kaggle,train
k0210,images/k0210.jpg,kaggle_201,Ikat,kaggle,train
k0211,images/k0211.jpg,kaggle_210,Ikat,kaggle,train
k0212,images/k0212.jpg,kaggle_374,Ikat,kaggle,train
k0213,images/k0213.jpg,kaggle_202,Ikat,kaggle,train
k0214,images/k0214.jpg,kaggle_228,Ikat,kaggle,train
k0215,images/k0215.jpg,kaggle_203,Ikat,kaggle,val
k0216,images/k0216.jpg,kaggle_204,Ikat,kaggle,train
k0217,images/k0217.jpg,kaggle_220,Ikat,kaggle,train
k0218,images/k0218.jpg,kaggle_205,Ikat,kaggle,train
k0219,images/k0219.jpg,kaggle_230,Ikat,kaggle,train
k0220,images/k0220.jpg,kaggle_206,Ikat,kaggle,train
k0221,images/k0221.jpg,kaggle_207,Ikat,kaggle,val
k0222,images/k0222.jpg,kaggle_208,Ikat,kaggle,train
k0223,images/k0223.jpg,kaggle_215,Ikat,kaggle,train
k0224,images/k0224.jpg,kaggle_222,Ikat,kaggle,train
k0225,images/k0225.jpg,kaggle_209,Ikat,kaggle,train
k0226,images/k0226.jpg,kaggle_235,Ikat,kaggle,train
k0227,images/k0227.jpg,kaggle_212,Ikat,kaggle,train
k0228,images/k0228.jpg,kaggle_213,Ikat,kaggle,train
k0229,images/k0229.jpg,kaggle_218,Ikat,kaggle,train
k0230,images/k0230.jpg,kaggle_221,Ikat,kaggle,val
k0231,images/k0231.jpg,kaggle_385,Ikat,kaggle,train
k0232,images/k0232.jpg,kaggle_369,Ikat,kaggle,train
k0233,images/k0233.jpg,kaggle_225,Ikat,kaggle,train
k0234,images/k0234.jpg,kaggle_226,Ikat,kaggle,train
k0235,images/k0235.jpg,kaggle_227,Ikat,kaggle,train
k0236,images/k0236.jpg,kaggle_375,Ikat,kaggle,train
k0237,images/k0237.jpg,kaggle_233,Ikat,kaggle,train
k0238,images/k0238.jpg,kaggle_373,Ikat,kaggle,train
k0239,images/k0239.jpg,kaggle_238,Ikat,kaggle,val
k0240,images/k0240.jpg,kaggle_239,Ikat,kaggle,train
k0241,images/k0241.jpg,kaggle_240,Pichwai,kaggle,train
k0242,images/k0242.jpg,kaggle_241,Pichwai,kaggle,train
k0243,images/k0243.jpg,kaggle_242,Pichwai,kaggle,train
k0244,images/k0244.jpg,kaggle_243,Pichwai,kaggle,train
k0245,images/k0245.jpg,kaggle_244,Pichwai,kaggle,train
k0246,images/k0246.jpg,kaggle_245,Pichwai,kaggle,train
k0247,images/k0247.jpg,kaggle_246,Pichwai,kaggle,train
k0248,images/k0248.jpg,kaggle_289,Pichwai,kaggle,train
k0249,images/k0249.jpg,kaggle_282,Pichwai,kaggle,train
k0250,images/k0250.jpg,kaggle_247,Pichwai,kaggle,train
k0251,images/k0251.jpg,kaggle_290,Pichwai,kaggle,train
k0252,images/k0252.jpg,kaggle_285,Pichwai,kaggle,train
k0253,images/k0253.jpg,kaggle_248,Pichwai,kaggle,val
k0254,images/k0254.jpg,kaggle_249,Pichwai,kaggle,train
k0255,images/k0255.jpg,kaggle_250,Pichwai,kaggle,train
k0256,images/k0256.jpg,kaggle_251,Pichwai,kaggle,train
k0257,images/k0257.jpg,kaggle_252,Pichwai,kaggle,train
k0258,images/k0258.jpg,kaggle_253,Pichwai,kaggle,train
k0259,images/k0259.jpg,kaggle_254,Pichwai,kaggle,val
k0260,images/k0260.jpg,kaggle_255,Pichwai,kaggle,val
k0261,images/k0261.jpg,kaggle_283,Pichwai,kaggle,val
k0262,images/k0262.jpg,kaggle_256,Pichwai,kaggle,val
k0263,images/k0263.jpg,kaggle_257,Pichwai,kaggle,train
k0264,images/k0264.jpg,kaggle_267,Pichwai,kaggle,train
k0265,images/k0265.jpg,kaggle_258,Pichwai,kaggle,train
k0266,images/k0266.jpg,kaggle_274,Pichwai,kaggle,val
k0267,images/k0267.jpg,kaggle_259,Pichwai,kaggle,train
k0268,images/k0268.jpg,kaggle_261,Pichwai,kaggle,train
k0269,images/k0269.jpg,kaggle_262,Pichwai,kaggle,val
k0270,images/k0270.jpg,kaggle_263,Pichwai,kaggle,train
k0271,images/k0271.jpg,kaggle_264,Pichwai,kaggle,train
k0272,images/k0272.jpg,kaggle_402,Pichwai,kaggle,train
k0273,images/k0273.jpg,kaggle_265,Pichwai,kaggle,train
k0274,images/k0274.jpg,kaggle_266,Pichwai,kaggle,train
k0275,images/k0275.jpg,kaggle_269,Pichwai,kaggle,train
k0276,images/k0276.jpg,kaggle_270,Pichwai,kaggle,train
k0277,images/k0277.jpg,kaggle_293,Pichwai,kaggle,train
k0278,images/k0278.jpg,kaggle_271,Pichwai,kaggle,val
k0279,images/k0279.jpg,kaggle_272,Pichwai,kaggle,train
k0280,images/k0280.jpg,kaggle_273,Pichwai,kaggle,train
k0281,images/k0281.jpg,kaggle_398,Pichwai,kaggle,val
k0282,images/k0282.jpg,kaggle_389,Pichwai,kaggle,val
k0283,images/k0283.jpg,kaggle_278,Pichwai,kaggle,train
k0284,images/k0284.jpg,kaggle_279,Pichwai,kaggle,train
k0285,images/k0285.jpg,kaggle_280,Pichwai,kaggle,train
k0286,images/k0286.jpg,kaggle_392,Pichwai,kaggle,train
k0287,images/k0287.jpg,kaggle_286,Pichwai,kaggle,train
k0288,images/k0288.jpg,kaggle_287,Pichwai,kaggle,val
k0289,images/k0289.jpg,kaggle_288,Pichwai,kaggle,train
k0290,images/k0290.jpg,kaggle_294,Pichwai,kaggle,train
k0291,images/k0291.jpg,kaggle_291,Pichwai,kaggle,train
k0292,images/k0292.jpg,kaggle_408,Pichwai,kaggle,train
k0293,images/k0293.jpg,kaggle_292,Pichwai,kaggle,train
k0294,images/k0294.jpg,kaggle_295,Pichwai,kaggle,val
k0295,images/k0295.jpg,kaggle_296,Pichwai,kaggle,train
k0296,images/k0296.jpg,kaggle_298,Pichwai,kaggle,train
k0297,images/k0297.jpg,kaggle_299,Pichwai,kaggle,train
k0298,images/k0298.jpg,kaggle_405,Pichwai,kaggle,train
k0299,images/k0299.jpg,kaggle_309,Banarasi,kaggle,train
k0300,images/k0300.jpg,kaggle_341,Banarasi,kaggle,train
k0301,images/k0301.jpg,kaggle_310,Banarasi,kaggle,train
k0302,images/k0302.jpg,kaggle_313,Banarasi,kaggle,train
k0303,images/k0303.jpg,kaggle_314,Banarasi,kaggle,train
k0304,images/k0304.jpg,kaggle_318,Banarasi,kaggle,train
k0305,images/k0305.jpg,kaggle_322,Banarasi,kaggle,train
k0306,images/k0306.jpg,kaggle_323,Banarasi,kaggle,train
k0307,images/k0307.jpg,kaggle_324,Banarasi,kaggle,train
k0308,images/k0308.jpg,kaggle_326,Banarasi,kaggle,train
k0309,images/k0309.jpg,kaggle_327,Banarasi,kaggle,train
k0310,images/k0310.jpg,kaggle_328,Banarasi,kaggle,train
k0311,images/k0311.jpg,kaggle_332,Banarasi,kaggle,train
k0312,images/k0312.jpg,kaggle_333,Banarasi,kaggle,val
k0313,images/k0313.jpg,kaggle_334,Banarasi,kaggle,train
k0314,images/k0314.jpg,kaggle_335,Banarasi,kaggle,train
k0315,images/k0315.jpg,kaggle_336,Banarasi,kaggle,train
k0316,images/k0316.jpg,kaggle_337,Banarasi,kaggle,val
k0317,images/k0317.jpg,kaggle_338,Banarasi,kaggle,val
k0318,images/k0318.jpg,kaggle_343,Bandhani,kaggle,train
k0319,images/k0319.jpg,kaggle_344,Bandhani,kaggle,train
k0320,images/k0320.jpg,kaggle_351,Bandhani,kaggle,train
k0321,images/k0321.jpg,kaggle_352,Bandhani,kaggle,train
k0322,images/k0322.jpg,kaggle_353,Bandhani,kaggle,train
k0323,images/k0323.jpg,kaggle_354,Bandhani,kaggle,train
k0324,images/k0324.jpg,kaggle_355,Bandhani,kaggle,train
k0325,images/k0325.jpg,kaggle_356,Bandhani,kaggle,train
k0326,images/k0326.jpg,kaggle_358,Bandhani,kaggle,train
k0327,images/k0327.jpg,kaggle_359,Bandhani,kaggle,val
k0328,images/k0328.jpg,kaggle_361,Bandhani,kaggle,train
k0329,images/k0329.jpg,kaggle_362,Bandhani,kaggle,train
k0330,images/k0330.jpg,kaggle_363,Ikat,kaggle,train
k0331,images/k0331.jpg,kaggle_372,Ikat,kaggle,train
k0332,images/k0332.jpg,kaggle_364,Ikat,kaggle,train
k0333,images/k0333.jpg,kaggle_365,Ikat,kaggle,train
k0334,images/k0334.jpg,kaggle_366,Ikat,kaggle,train
k0335,images/k0335.jpg,kaggle_367,Ikat,kaggle,train
k0336,images/k0336.jpg,kaggle_368,Ikat,kaggle,train
k0337,images/k0337.jpg,kaggle_371,Ikat,kaggle,train
k0338,images/k0338.jpg,kaggle_378,Ikat,kaggle,train
k0339,images/k0339.jpg,kaggle_383,Ikat,kaggle,val
k0340,images/k0340.jpg,kaggle_404,Pichwai,kaggle,train
k0341,images/k0341.jpg,kaggle_391,Pichwai,kaggle,train
k0342,images/k0342.jpg,kaggle_393,Pichwai,kaggle,train
k0343,images/k0343.jpg,kaggle_395,Pichwai,kaggle,train
k0344,images/k0344.jpg,kaggle_399,Pichwai,kaggle,val
k0345,images/k0345.jpg,kaggle_400,Pichwai,kaggle,train
k0346,images/k0346.jpg,kaggle_401,Pichwai,kaggle,train
k0347,images/k0347.jpg,kaggle_407,Pichwai,kaggle,train
